{
  "Tilted": {
    "n": 10,
    "mean": 4.366666666666666,
    "median": 4.0,
    "mode_result": {
      "mode": 4.0,
      "ci_lower": 2.507373474177332,
      "ci_upper": 5.7589045442161675,
      "ci_percent": 95.0,
      "n_bootstrap": 2000
    },
    "vg_comparison": null
  },
  "Non-tilted": {
    "n": 42,
    "mean": 6.841428198822565,
    "median": 5.611111111111111,
    "mode_result": {
      "mode": 4.333333333333333,
      "ci_lower": 3.303533715766088,
      "ci_upper": 6.91204476316733,
      "ci_percent": 95.0,
      "n_bootstrap": 2000
    },
    "vg_comparison": null
  }
}