{
  "Tilted": {
    "n": 10,
    "mean": 4.366666666666666,
    "median": 4.0,
    "mode_result": {
      "mode": 4.0,
      "ci_lower": 2.054542991071925,
      "ci_upper": 6.978356202953698,
      "ci_percent": 99.0,
      "n_bootstrap": 2000
    },
    "vg_comparison": null
  },
  "Non-tilted": {
    "n": 42,
    "mean": 6.841428198822565,
    "median": 5.611111111111111,
    "mode_result": {
      "mode": 4.333333333333333,
      "ci_lower": 2.862346715777829,
      "ci_upper": 7.513843745319657,
      "ci_percent": 99.0,
      "n_bootstrap": 2000
    },
    "vg_comparison": null
  }
}